{"multipliers": {"iron_ingot": 1.08, "chunk_plank": 0.9560683105262611, "steel_coil": 0.9742344192991698, "tire_rim": 0.9961797955553715, "earth_fragment": 1.0016770802263852, "raw_zinc": 1.012543387606069, "oxygen": 0.9993469031376101, "drill_head": 0.9798443148668986, "aggregate": 0.9656876299220594, "hydrogen": 0.9957856422068061, "gold_ingot": 0.9682003172690392, "electric_motor": 0.984659819357847, "liquid_copper": 0.95328906887772, "cut_oak_log": 1.0316566741874478, "alumina_dust": 0.9936464810024818, "sodium_carbonate": 0.9740019397934065, "zirconium_rod": 0.9809891355402917, "molten_ferroaluminium": 0.9915244894666364, "black_dye": 0.9762884377329688, "plank2": 1.0147895587113083, "copper_mix": 0.9935225935968195, "copper_wire": 1.038213360873926, "microchip_8x64x": 1.018947190597131, "tire": 1.019961944213013, "rawmix": 1.0482772092952395, "copper_drill_head": 1.08, "limestone": 0.9721939406169131, "copper_powder": 0.9913875445835829, "pta": 1.0483600868978187, "purified_gold": 1.0074135592253162, "raw_copper": 0.994403336620141, "clay_bricks": 1.08, "iron_drill_head": 0.9773064006390539, "concrete_block": 1.0565953649973558, "sulfur": 0.9511410987484658, "gravel": 1.08, "wet_concrete": 1.0221903636774263, "table_salt": 0.9891593347630351, "gearbox": 1.033555472776034, "microchip_2x": 0.9678506427261337, "gold_wire": 1.0128668706801531, "steel": 0.9936060359562222, "liquid_aluminium": 0.9894919572925952, "nails": 0.9965692152621541, "oak_log": 1.0206462787733523, "acetic_acid": 1.0293650862491184, "copper_plate": 1.0260629055887092, "uranium_ore": 1.0433823586719477, "aluminium_ingot": 1.0115419555975844, "raw_iron": 1.0606868525477327, "steel_rod": 0.97558552385462, "light_oil": 0.973249757977021, "steel_plate": 0.98687008551622, "steel_drill_head": 1.036848500309827, "plastic_pellets": 1.0278908695254179, "logic_plate": 0.9882574135697106, "liquid_gold": 0.9950222872979055, "liquid_zinc": 0.9604682672505046, "iron_powder": 1.0098721969614888, "lithium_brine": 1.043369255016247, "control_rod": 0.9998839648684358, "raw_gas": 0.9953731302942067, "chlorine": 1.0492729658145024, "iron_plate": 0.9801871573116672, "naphtha": 1.0035031335116305, "karat_gold": 1.032186048232043, "liquid_glass": 1.0060546627190365, "yellowcake": 1.019384738527414, "refined_diesel": 1.0519177807782565, "lithium_carbonate": 0.9886035195814283, "ethylene": 1.0339566542643017, "lead_ingot": 1.008294755219171, "hydrochloric_acid": 1.0405248721674782, "coal": 0.9476925207414084, "glass": 1.0600123098105678, "copper_ingot": 0.9817293313049225, "purple_gold_ingot": 0.9543202384384399, "lithium_ore": 0.9822008168459653, "ferroaluminium_magnet": 1.0722294010024833, "heavy_oil": 1.0042114704907612, "alumina": 0.9502497177456967, "lithium_ion_battery": 0.92, "paraxylene": 0.9910604743601628, "tetraethyllead": 1.0062893812984046, "filter": 0.9905540021133042, "raw_lead": 1.014726919525559, "leaded_gasoline": 0.9529024736330955, "ferroaluminium_alloy_ingot": 1.0422566867502128, "reinforced_concrete": 0.9627067438305619, "liquid_iron": 1.010270615595575, "cement": 1.044460479890775, "fuel_rod": 1.0276678578045706, "iron_coil": 0.933805946423244, "steam": 1.0324105718633279, "ethanol": 1.016370881408679, "lithium_battery_pack": 1.0197900509578925, "sulfuric_acid": 0.9380484950588716, "crankshaft": 1.058869693820285, "gasoline": 0.96140082230123, "machine_oil": 1.0263858782734414, "dirty_lithium_sulfate": 0.9258427889790887, "diesel": 0.9378680141275669, "graphite_electrode": 1.0518784529650647, "boric_acid": 1.0313387469190423, "crude_oil": 1.0185378251534989, "semiconductor": 0.9894665691222684, "iron_mix": 0.9959715057506833, "meg": 0.9672162320425006, "gear": 1.026697666922349, "liquid_lead": 1.0201883949952057, "paper": 0.9924444842971475, "plastic_casing": 1.0126156579567525, "rubber": 1.0214021849569976, "molten_purple_gold": 1.0143511704021944, "chair": 1.0117937916573316, "iron_plate2": 1.0088032994448204, "charged_lithium_battery": 1.0393181019127051, "lng": 0.9840267679804265, "brick": 1.0653321163461151, "refined_gas": 0.9937741674136852, "insulated_wire": 0.9399292145463514, "deep_earth_fragment": 0.9613943895478553, "coke_fuel": 0.9953555503168438, "liquid_sulfur": 0.9609256442799567, "electromagnet": 1.0130188403041955, "silicon": 0.9745328664610114, "distilled_water": 1.0049499620020703, "planks": 1.0516227840834775, "clay": 1.0135410468127017, "galvanized_steel": 0.9595663209499036, "condensed_gas": 0.9994574510352282, "lithium_sulfate": 1.0256271025950645, "poor_quality_diesel": 0.973075996464147, "crushed_bauxite": 0.9759204842771386}, "timer": 703.4180000004391, "history": {"iron_ingot": [1.0], "chunk_plank": [1.0], "steel_coil": [1.0], "tire_rim": [1.0], "earth_fragment": [1.0], "raw_zinc": [1.0], "oxygen": [1.0], "drill_head": [1.0], "aggregate": [1.0], "hydrogen": [1.0], "gold_ingot": [1.0], "electric_motor": [1.0], "liquid_copper": [1.0], "cut_oak_log": [1.0], "alumina_dust": [1.0], "sodium_carbonate": [1.0], "zirconium_rod": [1.0], "molten_ferroaluminium": [1.0], "black_dye": [1.0], "plank2": [1.0], "copper_mix": [1.0], "copper_wire": [1.0], "microchip_8x64x": [1.0], "tire": [1.0], "rawmix": [1.0], "copper_drill_head": [1.0], "limestone": [1.0], "copper_powder": [1.0], "pta": [1.0], "purified_gold": [1.0], "raw_copper": [1.0], "clay_bricks": [1.0], "iron_drill_head": [1.0], "concrete_block": [1.0], "sulfur": [1.0], "gravel": [1.0], "wet_concrete": [1.0], "table_salt": [1.0], "gearbox": [1.0], "microchip_2x": [1.0], "gold_wire": [1.0], "steel": [1.0], "liquid_aluminium": [1.0], "nails": [1.0], "oak_log": [1.0], "acetic_acid": [1.0], "copper_plate": [1.0], "uranium_ore": [1.0], "aluminium_ingot": [1.0], "raw_iron": [1.0], "steel_rod": [1.0], "light_oil": [1.0], "steel_plate": [1.0], "steel_drill_head": [1.0], "plastic_pellets": [1.0], "logic_plate": [1.0], "liquid_gold": [1.0], "liquid_zinc": [1.0], "iron_powder": [1.0], "lithium_brine": [1.0], "control_rod": [1.0], "raw_gas": [1.0], "chlorine": [1.0], "iron_plate": [1.0], "naphtha": [1.0], "karat_gold": [1.0], "liquid_glass": [1.0], "yellowcake": [1.0], "refined_diesel": [1.0], "lithium_carbonate": [1.0], "ethylene": [1.0], "lead_ingot": [1.0], "hydrochloric_acid": [1.0], "coal": [1.0], "glass": [1.0], "copper_ingot": [1.0], "purple_gold_ingot": [1.0], "lithium_ore": [1.0], "ferroaluminium_magnet": [1.0], "heavy_oil": [1.0], "alumina": [1.0], "lithium_ion_battery": [1.0], "paraxylene": [1.0], "tetraethyllead": [1.0], "filter": [1.0], "raw_lead": [1.0], "leaded_gasoline": [1.0], "ferroaluminium_alloy_ingot": [1.0], "reinforced_concrete": [1.0], "liquid_iron": [1.0], "cement": [1.0], "fuel_rod": [1.0], "iron_coil": [1.0], "steam": [1.0], "ethanol": [1.0], "lithium_battery_pack": [1.0], "sulfuric_acid": [1.0], "crankshaft": [1.0], "gasoline": [1.0], "machine_oil": [1.0], "dirty_lithium_sulfate": [1.0], "diesel": [1.0], "graphite_electrode": [1.0], "boric_acid": [1.0], "crude_oil": [1.0], "semiconductor": [1.0], "iron_mix": [1.0], "meg": [1.0], "gear": [1.0], "liquid_lead": [1.0], "paper": [1.0], "plastic_casing": [1.0], "rubber": [1.0], "molten_purple_gold": [1.0], "chair": [1.0], "iron_plate2": [1.0], "charged_lithium_battery": [1.0], "lng": [1.0], "brick": [1.0], "refined_gas": [1.0], "insulated_wire": [1.0], "deep_earth_fragment": [1.0], "coke_fuel": [1.0], "liquid_sulfur": [1.0], "electromagnet": [1.0], "silicon": [1.0], "distilled_water": [1.0], "planks": [1.0], "clay": [1.0], "galvanized_steel": [1.0], "condensed_gas": [1.0], "lithium_sulfate": [1.0], "poor_quality_diesel": [1.0], "crushed_bauxite": [1.0]}}